CustomerId,FirstName,LastName
1,Tammy,Johnson
2,Ryan,Swanson
3,Lauren,Mcknight
4,Donna,Alexander
5,Frank,Miles
6,Emily,Russo
7,Michael,Whitney
8,Anita,Lin
9,Nathan,Stanley
10,Kristen,Underwood
11,Frank,Escobar
12,Andrew,Powell
13,Tina,Rios
14,Christian,Elliott
15,Jessica,Rivera
16,Jared,Jones
17,Jeremiah,Smith
18,Sarah,Petty
19,Christie,Watkins
20,Tara,Carrillo
21,Amy,Jackson
22,Andrea,Walters
23,Susan,Turner
24,David,Conrad
25,Kelly,Hernandez
26,Robin,Jackson
27,Adam,Parker
28,Brenda,Walker
29,Mary,Rodriguez
30,Colleen,Vance
31,Eric,Smith
32,Michelle,Jones
33,Janet,Cox
34,Patricia,Johnson
35,Stephanie,Brown
36,John,Hall
37,Melissa,Gonzales
38,Kristen,Boyd
39,Robert,Wilson
40,Joseph,Santiago
41,Katherine,Johns
42,Travis,Peck
43,Jeffrey,Acevedo
44,Shelley,Miller
45,Gabriella,Gardner
46,Sean,Brown
47,Maria,Clay
48,Johnathan,Walker
49,Stacey,Howard
50,Jillian,Lucas
51,Wanda,Fuller
52,Colleen,Lester
53,Nicholas,Atkins
54,John,Key
55,Justin,Taylor
56,Cassidy,Joseph
57,Timothy,Jackson
58,Michael,Vasquez
59,James,Moore
60,Jeffery,Morton
61,Stacy,Johnson
62,Patrick,Chavez
63,Lawrence,Wilson
64,Laura,Parsons
65,Stacy,Hardy
66,Michele,York
67,Katherine,Lee
68,Mark,Murphy
69,Maria,Tyler
70,Joanne,Owens
71,Michelle,Wilson
72,William,David
73,Brandon,Johnson
74,Eugene,Burns
75,Justin,Davies
76,Sherry,Miller
77,Steven,Ross
78,Jeffrey,Sanchez
79,Dawn,Clark
80,Thomas,Dennis
81,Bruce,Rivera
82,April,Hill
83,Alec,Irwin
84,Donna,Norman
85,William,Martinez
86,Robert,Diaz
87,Charles,Spencer
88,Shelly,Adams
89,Robert,Davidson
90,Jacob,David
91,Paul,Nguyen
92,Larry,Johnson
93,Emily,Mills
94,Steven,Gutierrez
95,Joseph,Richardson
96,Carolyn,Matthews
97,Trevor,Robinson
98,Jessica,Small
99,Angela,Peterson
100,Michael,Pierce
101,Michael,Gonzalez
102,Emily,Miles
103,Nicholas,Anderson
104,Greg,Cox
105,Melissa,Craig
106,Michael,Foster
107,Lisa,Rogers
108,Lori,Martinez
109,Emily,Jenkins
110,Mike,Gonzalez
111,James,Day
112,Ashley,Brown
113,Julie,Vargas
114,Douglas,Buckley
115,Lori,Anderson
116,Anthony,Booth
117,James,Turner
118,Christopher,Young
119,Tammy,Jackson
120,Raymond,Faulkner
121,Steven,Brown
122,Jessica,Fuller
123,Laurie,Bowen
124,Kaylee,Mcclure
125,Jennifer,Green
126,Cheryl,Allen
127,Steven,Ali
128,Steven,Holder
129,Thomas,Simpson
130,Robert,Farley
131,Robert,Whitney
132,Shawn,Baker
133,Ralph,Melton
134,Bobby,Lopez
135,Catherine,Brooks
136,Mackenzie,Hawkins
137,Christy,Wallace
138,Franklin,Hudson
139,Levi,James
140,Micheal,Williams
141,James,Michael
142,Christina,Faulkner
143,Ross,Carlson
144,Barbara,Wilson
145,Michelle,Johnson
146,Erin,Miller
147,Karen,Young
148,Katherine,Thomas
149,Jerome,Chavez
150,Dwayne,Morrow
151,Robin,Martinez
152,Julia,Armstrong
153,Michael,Anderson
154,Christina,Patrick
155,Shawn,Velasquez
156,Sara,Carlson
157,Ashley,Sloan
158,Corey,Lynch
159,Paula,Smith
160,Joanna,Wright
161,Veronica,Morgan
162,Gabriel,Henderson
163,Carl,Woods
164,Diane,Robbins
165,Larry,Wong
166,Jordan,Schmitt
167,Deborah,Martin
168,Michelle,Rios
169,Tammy,Wong
170,Holly,Rogers
171,Victor,Ortiz
172,Kyle,Richardson
173,Lisa,Chaney
174,Jacob,Holt
175,Michael,Rich
176,Antonio,Quinn
177,Katelyn,Foley
178,Cody,Lawrence
179,Carla,Zhang
180,Sonia,Johnson
181,Jesse,Parker
182,Jason,Knight
183,Jerry,Fernandez
184,Andrea,Jackson
185,Jessica,Martin
186,Monica,Alvarado
187,Alexandra,Rodriguez
188,Kristine,Davis
189,Kristen,Smith
190,Angela,Harrison
191,Scott,Johnson
192,Nicholas,White
193,Michael,George
194,Laurie,Peck
195,Marc,Sanders
196,Veronica,Brown
197,Tammie,Woods
198,Renee,Hernandez
199,Tara,Silva
200,Scott,Perez
